n_neighbors,metric,score,measure,time,n_optim_iterations,learning_rate,optim,warmup_ratio,weight_decay,path,epoch,classifier,embedding_model,n_samples,iteration
6,l2,0.5098134311663908,f1_macro,6.895723819732666,5,1e-06,adamw_torch,0.1,0.01,./models/answerdotai/ModernBERT-base/001/embeddings/epoch_1,1,KNeighborsClassifier,answerdotai/ModernBERT-base,1000,1
19,cosine,0.5237173816895179,f1_macro,5.846369504928589,5,1e-06,adamw_torch,0.1,0.01,./models/answerdotai/ModernBERT-base/001/embeddings/epoch_2,2,KNeighborsClassifier,answerdotai/ModernBERT-base,1000,1
14,cosine,0.5239408631221497,f1_macro,5.442302227020264,5,1e-06,adamw_torch,0.1,0.01,./models/answerdotai/ModernBERT-base/001/embeddings/epoch_3,3,KNeighborsClassifier,answerdotai/ModernBERT-base,1000,1
6,cosine,0.4742093851493036,f1_macro,6.379562377929688,5,1e-06,adamw_torch,0.1,0.01,./models/answerdotai/ModernBERT-base/001/embeddings/epoch_4,4,KNeighborsClassifier,answerdotai/ModernBERT-base,1000,1
11,l1,0.5055403499292933,f1_macro,6.84206748008728,5,1e-06,adamw_torch,0.1,0.01,./models/answerdotai/ModernBERT-base/001/embeddings/epoch_5,5,KNeighborsClassifier,answerdotai/ModernBERT-base,1000,1
13,l1,0.5376914380346524,f1_macro,8.113224983215332,6,1e-05,adamw_torch,0.1,0.01,./models/answerdotai/ModernBERT-base/002/embeddings/epoch_1,1,KNeighborsClassifier,answerdotai/ModernBERT-base,1000,1
8,cosine,0.5900575706682042,f1_macro,7.79242730140686,7,1e-05,adamw_torch,0.1,0.01,./models/answerdotai/ModernBERT-base/002/embeddings/epoch_2,2,KNeighborsClassifier,answerdotai/ModernBERT-base,1000,1
18,l1,0.5696434655640629,f1_macro,11.284010887145996,9,1e-05,adamw_torch,0.1,0.01,./models/answerdotai/ModernBERT-base/002/embeddings/epoch_3,3,KNeighborsClassifier,answerdotai/ModernBERT-base,1000,1
7,l1,0.5556809013009032,f1_macro,6.770797967910767,5,1e-05,adamw_torch,0.1,0.01,./models/answerdotai/ModernBERT-base/002/embeddings/epoch_4,4,KNeighborsClassifier,answerdotai/ModernBERT-base,1000,1
6,l1,0.5578686421187692,f1_macro,7.056450128555298,5,1e-05,adamw_torch,0.1,0.01,./models/answerdotai/ModernBERT-base/002/embeddings/epoch_5,5,KNeighborsClassifier,answerdotai/ModernBERT-base,1000,1
15,l1,0.5508477172579499,f1_macro,7.183727979660034,5,5e-05,adamw_torch,0.1,0.01,./models/answerdotai/ModernBERT-base/003/embeddings/epoch_1,1,KNeighborsClassifier,answerdotai/ModernBERT-base,1000,1
3,l1,0.5819532269396768,f1_macro,6.775820016860962,5,5e-05,adamw_torch,0.1,0.01,./models/answerdotai/ModernBERT-base/003/embeddings/epoch_2,2,KNeighborsClassifier,answerdotai/ModernBERT-base,1000,1
18,l1,0.6425180854125143,f1_macro,11.432308673858644,9,5e-05,adamw_torch,0.1,0.01,./models/answerdotai/ModernBERT-base/003/embeddings/epoch_3,3,KNeighborsClassifier,answerdotai/ModernBERT-base,1000,1
6,l2,0.624033940413811,f1_macro,6.61280083656311,5,5e-05,adamw_torch,0.1,0.01,./models/answerdotai/ModernBERT-base/003/embeddings/epoch_4,4,KNeighborsClassifier,answerdotai/ModernBERT-base,1000,1
13,l2,0.6034675461398709,f1_macro,6.914888858795166,5,5e-05,adamw_torch,0.1,0.01,./models/answerdotai/ModernBERT-base/003/embeddings/epoch_5,5,KNeighborsClassifier,answerdotai/ModernBERT-base,1000,1
7,cosine,0.5377669165292062,f1_macro,7.880186319351196,6,0.0001,adamw_torch,0.1,0.01,./models/answerdotai/ModernBERT-base/004/embeddings/epoch_1,1,KNeighborsClassifier,answerdotai/ModernBERT-base,1000,1
12,l2,0.59466889761985,f1_macro,7.807803392410278,6,0.0001,adamw_torch,0.1,0.01,./models/answerdotai/ModernBERT-base/004/embeddings/epoch_2,2,KNeighborsClassifier,answerdotai/ModernBERT-base,1000,1
16,l2,0.6476072946661183,f1_macro,7.292544603347778,5,0.0001,adamw_torch,0.1,0.01,./models/answerdotai/ModernBERT-base/004/embeddings/epoch_3,3,KNeighborsClassifier,answerdotai/ModernBERT-base,1000,1
16,cosine,0.6837186507918046,f1_macro,8.38335108757019,7,0.0001,adamw_torch,0.1,0.01,./models/answerdotai/ModernBERT-base/004/embeddings/epoch_4,4,KNeighborsClassifier,answerdotai/ModernBERT-base,1000,1
17,l1,0.675426464185743,f1_macro,6.906703233718872,5,0.0001,adamw_torch,0.1,0.01,./models/answerdotai/ModernBERT-base/004/embeddings/epoch_5,5,KNeighborsClassifier,answerdotai/ModernBERT-base,1000,1
19,l1,0.5270601857497544,f1_macro,8.110973358154297,6,1e-06,adamw_torch,0.1,0.01,./models/answerdotai/ModernBERT-base/001/embeddings/epoch_1,1,KNeighborsClassifier,answerdotai/ModernBERT-base,1000,2
19,l1,0.492885974670476,f1_macro,6.409737348556519,5,1e-06,adamw_torch,0.1,0.01,./models/answerdotai/ModernBERT-base/001/embeddings/epoch_2,2,KNeighborsClassifier,answerdotai/ModernBERT-base,1000,2
1,l2,0.5271172979891997,f1_macro,6.6840009689331055,5,1e-06,adamw_torch,0.1,0.01,./models/answerdotai/ModernBERT-base/001/embeddings/epoch_3,3,KNeighborsClassifier,answerdotai/ModernBERT-base,1000,2
9,cosine,0.4924630555173989,f1_macro,6.592941284179688,6,1e-06,adamw_torch,0.1,0.01,./models/answerdotai/ModernBERT-base/001/embeddings/epoch_4,4,KNeighborsClassifier,answerdotai/ModernBERT-base,1000,2
19,l1,0.5392137997031952,f1_macro,10.17619800567627,8,1e-06,adamw_torch,0.1,0.01,./models/answerdotai/ModernBERT-base/001/embeddings/epoch_5,5,KNeighborsClassifier,answerdotai/ModernBERT-base,1000,2
17,l1,0.535322561785078,f1_macro,8.245912313461304,6,1e-05,adamw_torch,0.1,0.01,./models/answerdotai/ModernBERT-base/002/embeddings/epoch_1,1,KNeighborsClassifier,answerdotai/ModernBERT-base,1000,2
3,cosine,0.5459618874773139,f1_macro,7.740838050842285,6,1e-05,adamw_torch,0.1,0.01,./models/answerdotai/ModernBERT-base/002/embeddings/epoch_2,2,KNeighborsClassifier,answerdotai/ModernBERT-base,1000,2
14,l2,0.5999027767690707,f1_macro,8.428478717803955,6,1e-05,adamw_torch,0.1,0.01,./models/answerdotai/ModernBERT-base/002/embeddings/epoch_3,3,KNeighborsClassifier,answerdotai/ModernBERT-base,1000,2
10,cosine,0.5851669346007782,f1_macro,6.879940271377564,5,1e-05,adamw_torch,0.1,0.01,./models/answerdotai/ModernBERT-base/002/embeddings/epoch_4,4,KNeighborsClassifier,answerdotai/ModernBERT-base,1000,2
1,cosine,0.5799552469135802,f1_macro,5.94763970375061,5,1e-05,adamw_torch,0.1,0.01,./models/answerdotai/ModernBERT-base/002/embeddings/epoch_5,5,KNeighborsClassifier,answerdotai/ModernBERT-base,1000,2
7,l1,0.536916704569718,f1_macro,8.714632272720337,7,5e-05,adamw_torch,0.1,0.01,./models/answerdotai/ModernBERT-base/003/embeddings/epoch_1,1,KNeighborsClassifier,answerdotai/ModernBERT-base,1000,2
12,l1,0.5832496360787882,f1_macro,7.0119593143463135,6,5e-05,adamw_torch,0.1,0.01,./models/answerdotai/ModernBERT-base/003/embeddings/epoch_2,2,KNeighborsClassifier,answerdotai/ModernBERT-base,1000,2
12,l1,0.611121523839008,f1_macro,7.195152759552002,5,5e-05,adamw_torch,0.1,0.01,./models/answerdotai/ModernBERT-base/003/embeddings/epoch_3,3,KNeighborsClassifier,answerdotai/ModernBERT-base,1000,2
8,l1,0.6184550771842524,f1_macro,8.025373697280884,6,5e-05,adamw_torch,0.1,0.01,./models/answerdotai/ModernBERT-base/003/embeddings/epoch_4,4,KNeighborsClassifier,answerdotai/ModernBERT-base,1000,2
16,l2,0.6218737504047412,f1_macro,6.843327760696411,5,5e-05,adamw_torch,0.1,0.01,./models/answerdotai/ModernBERT-base/003/embeddings/epoch_5,5,KNeighborsClassifier,answerdotai/ModernBERT-base,1000,2
15,cosine,0.5909142770326151,f1_macro,5.569133281707764,5,0.0001,adamw_torch,0.1,0.01,./models/answerdotai/ModernBERT-base/004/embeddings/epoch_1,1,KNeighborsClassifier,answerdotai/ModernBERT-base,1000,2
18,l2,0.6041802783717432,f1_macro,7.06067681312561,5,0.0001,adamw_torch,0.1,0.01,./models/answerdotai/ModernBERT-base/004/embeddings/epoch_2,2,KNeighborsClassifier,answerdotai/ModernBERT-base,1000,2
10,l1,0.6533614516058169,f1_macro,6.874927997589111,5,0.0001,adamw_torch,0.1,0.01,./models/answerdotai/ModernBERT-base/004/embeddings/epoch_3,3,KNeighborsClassifier,answerdotai/ModernBERT-base,1000,2
17,l1,0.664585988988211,f1_macro,9.18942165374756,7,0.0001,adamw_torch,0.1,0.01,./models/answerdotai/ModernBERT-base/004/embeddings/epoch_4,4,KNeighborsClassifier,answerdotai/ModernBERT-base,1000,2
18,l1,0.6993336993336993,f1_macro,8.113826274871826,6,0.0001,adamw_torch,0.1,0.01,./models/answerdotai/ModernBERT-base/004/embeddings/epoch_5,5,KNeighborsClassifier,answerdotai/ModernBERT-base,1000,2
10,cosine,0.5104438746918545,f1_macro,5.980938911437988,5,1e-06,adamw_torch,0.1,0.01,./models/answerdotai/ModernBERT-base/001/embeddings/epoch_1,1,KNeighborsClassifier,answerdotai/ModernBERT-base,1000,3
7,l1,0.5021058164555923,f1_macro,7.273000717163086,5,1e-06,adamw_torch,0.1,0.01,./models/answerdotai/ModernBERT-base/001/embeddings/epoch_2,2,KNeighborsClassifier,answerdotai/ModernBERT-base,1000,3
15,l1,0.5155390880541008,f1_macro,8.965722799301147,7,1e-06,adamw_torch,0.1,0.01,./models/answerdotai/ModernBERT-base/001/embeddings/epoch_3,3,KNeighborsClassifier,answerdotai/ModernBERT-base,1000,3
14,l2,0.4891878980080629,f1_macro,6.810455322265625,5,1e-06,adamw_torch,0.1,0.01,./models/answerdotai/ModernBERT-base/001/embeddings/epoch_4,4,KNeighborsClassifier,answerdotai/ModernBERT-base,1000,3
3,l1,0.5181141052000052,f1_macro,7.005480766296387,5,1e-06,adamw_torch,0.1,0.01,./models/answerdotai/ModernBERT-base/001/embeddings/epoch_5,5,KNeighborsClassifier,answerdotai/ModernBERT-base,1000,3
18,l2,0.5205007520536851,f1_macro,10.377103567123411,8,1e-05,adamw_torch,0.1,0.01,./models/answerdotai/ModernBERT-base/002/embeddings/epoch_1,1,KNeighborsClassifier,answerdotai/ModernBERT-base,1000,3
17,cosine,0.5793332700579851,f1_macro,6.346962213516235,6,1e-05,adamw_torch,0.1,0.01,./models/answerdotai/ModernBERT-base/002/embeddings/epoch_2,2,KNeighborsClassifier,answerdotai/ModernBERT-base,1000,3
11,l2,0.564574300135637,f1_macro,6.533796310424805,5,1e-05,adamw_torch,0.1,0.01,./models/answerdotai/ModernBERT-base/002/embeddings/epoch_3,3,KNeighborsClassifier,answerdotai/ModernBERT-base,1000,3
14,cosine,0.5706773618538324,f1_macro,8.12687873840332,6,1e-05,adamw_torch,0.1,0.01,./models/answerdotai/ModernBERT-base/002/embeddings/epoch_4,4,KNeighborsClassifier,answerdotai/ModernBERT-base,1000,3
8,l2,0.5723872112306684,f1_macro,8.24753212928772,6,1e-05,adamw_torch,0.1,0.01,./models/answerdotai/ModernBERT-base/002/embeddings/epoch_5,5,KNeighborsClassifier,answerdotai/ModernBERT-base,1000,3
18,l2,0.5786038566896371,f1_macro,7.988040447235107,6,5e-05,adamw_torch,0.1,0.01,./models/answerdotai/ModernBERT-base/003/embeddings/epoch_1,1,KNeighborsClassifier,answerdotai/ModernBERT-base,1000,3
16,cosine,0.5890467354283144,f1_macro,6.236201047897339,5,5e-05,adamw_torch,0.1,0.01,./models/answerdotai/ModernBERT-base/003/embeddings/epoch_2,2,KNeighborsClassifier,answerdotai/ModernBERT-base,1000,3
19,cosine,0.60777385655194,f1_macro,7.171728134155273,6,5e-05,adamw_torch,0.1,0.01,./models/answerdotai/ModernBERT-base/003/embeddings/epoch_3,3,KNeighborsClassifier,answerdotai/ModernBERT-base,1000,3
11,l1,0.621573119754938,f1_macro,6.644301176071167,5,5e-05,adamw_torch,0.1,0.01,./models/answerdotai/ModernBERT-base/003/embeddings/epoch_4,4,KNeighborsClassifier,answerdotai/ModernBERT-base,1000,3
12,cosine,0.6238668796394321,f1_macro,6.0801310539245605,5,5e-05,adamw_torch,0.1,0.01,./models/answerdotai/ModernBERT-base/003/embeddings/epoch_5,5,KNeighborsClassifier,answerdotai/ModernBERT-base,1000,3
10,l1,0.545190871663569,f1_macro,9.44143843650818,7,0.0001,adamw_torch,0.1,0.01,./models/answerdotai/ModernBERT-base/004/embeddings/epoch_1,1,KNeighborsClassifier,answerdotai/ModernBERT-base,1000,3
16,cosine,0.6264255624082994,f1_macro,6.625368356704712,5,0.0001,adamw_torch,0.1,0.01,./models/answerdotai/ModernBERT-base/004/embeddings/epoch_2,2,KNeighborsClassifier,answerdotai/ModernBERT-base,1000,3
14,cosine,0.672589299662956,f1_macro,9.603300094604492,8,0.0001,adamw_torch,0.1,0.01,./models/answerdotai/ModernBERT-base/004/embeddings/epoch_3,3,KNeighborsClassifier,answerdotai/ModernBERT-base,1000,3
7,l2,0.6712080148869312,f1_macro,7.876768350601196,6,0.0001,adamw_torch,0.1,0.01,./models/answerdotai/ModernBERT-base/004/embeddings/epoch_4,4,KNeighborsClassifier,answerdotai/ModernBERT-base,1000,3
7,l1,0.6703350194235366,f1_macro,6.8814427852630615,5,0.0001,adamw_torch,0.1,0.01,./models/answerdotai/ModernBERT-base/004/embeddings/epoch_5,5,KNeighborsClassifier,answerdotai/ModernBERT-base,1000,3
13,l1,0.6108410554193687,f1_macro,7.048439741134644,5,1e-06,adamw_torch,0.1,0.01,./models/FacebookAI/roberta-base/001/embeddings/epoch_1,1,KNeighborsClassifier,FacebookAI/roberta-base,1000,1
16,l2,0.6050455605472987,f1_macro,7.1860315799713135,5,1e-06,adamw_torch,0.1,0.01,./models/FacebookAI/roberta-base/001/embeddings/epoch_2,2,KNeighborsClassifier,FacebookAI/roberta-base,1000,1
1,l1,0.6337819898201271,f1_macro,6.623029470443726,5,1e-06,adamw_torch,0.1,0.01,./models/FacebookAI/roberta-base/001/embeddings/epoch_3,3,KNeighborsClassifier,FacebookAI/roberta-base,1000,1
1,l2,0.6110617583971817,f1_macro,6.88158392906189,5,1e-06,adamw_torch,0.1,0.01,./models/FacebookAI/roberta-base/001/embeddings/epoch_4,4,KNeighborsClassifier,FacebookAI/roberta-base,1000,1
16,l1,0.60416400453598,f1_macro,6.825563430786133,5,1e-06,adamw_torch,0.1,0.01,./models/FacebookAI/roberta-base/001/embeddings/epoch_5,5,KNeighborsClassifier,FacebookAI/roberta-base,1000,1
19,l1,0.6560101394169835,f1_macro,7.851731538772583,6,1e-05,adamw_torch,0.1,0.01,./models/FacebookAI/roberta-base/002/embeddings/epoch_1,1,KNeighborsClassifier,FacebookAI/roberta-base,1000,1
16,l1,0.6186430734377608,f1_macro,8.491838455200195,7,1e-05,adamw_torch,0.1,0.01,./models/FacebookAI/roberta-base/002/embeddings/epoch_2,2,KNeighborsClassifier,FacebookAI/roberta-base,1000,1
16,cosine,0.6872226970179157,f1_macro,10.604825496673584,9,1e-05,adamw_torch,0.1,0.01,./models/FacebookAI/roberta-base/002/embeddings/epoch_3,3,KNeighborsClassifier,FacebookAI/roberta-base,1000,1
14,l2,0.6816978498394427,f1_macro,10.420191764831545,8,1e-05,adamw_torch,0.1,0.01,./models/FacebookAI/roberta-base/002/embeddings/epoch_4,4,KNeighborsClassifier,FacebookAI/roberta-base,1000,1
16,l1,0.6761062709885343,f1_macro,7.962235927581787,6,1e-05,adamw_torch,0.1,0.01,./models/FacebookAI/roberta-base/002/embeddings/epoch_5,5,KNeighborsClassifier,FacebookAI/roberta-base,1000,1
16,l2,0.6229397446211605,f1_macro,8.695019006729126,7,5e-05,adamw_torch,0.1,0.01,./models/FacebookAI/roberta-base/003/embeddings/epoch_1,1,KNeighborsClassifier,FacebookAI/roberta-base,1000,1
15,l2,0.6984525866739668,f1_macro,7.802938222885132,6,5e-05,adamw_torch,0.1,0.01,./models/FacebookAI/roberta-base/003/embeddings/epoch_2,2,KNeighborsClassifier,FacebookAI/roberta-base,1000,1
10,l1,0.7324040028412653,f1_macro,7.17195463180542,5,5e-05,adamw_torch,0.1,0.01,./models/FacebookAI/roberta-base/003/embeddings/epoch_3,3,KNeighborsClassifier,FacebookAI/roberta-base,1000,1
11,cosine,0.7469101641763513,f1_macro,7.101581811904907,5,5e-05,adamw_torch,0.1,0.01,./models/FacebookAI/roberta-base/003/embeddings/epoch_4,4,KNeighborsClassifier,FacebookAI/roberta-base,1000,1
13,l2,0.7641890166028097,f1_macro,7.071569204330444,5,5e-05,adamw_torch,0.1,0.01,./models/FacebookAI/roberta-base/003/embeddings/epoch_5,5,KNeighborsClassifier,FacebookAI/roberta-base,1000,1
10,cosine,0.6293445035661723,f1_macro,6.896245956420898,6,0.0001,adamw_torch,0.1,0.01,./models/FacebookAI/roberta-base/004/embeddings/epoch_1,1,KNeighborsClassifier,FacebookAI/roberta-base,1000,1
10,cosine,0.6405739873689149,f1_macro,6.9750683307647705,6,0.0001,adamw_torch,0.1,0.01,./models/FacebookAI/roberta-base/004/embeddings/epoch_2,2,KNeighborsClassifier,FacebookAI/roberta-base,1000,1
10,l2,0.698547484067373,f1_macro,10.298540353775024,8,0.0001,adamw_torch,0.1,0.01,./models/FacebookAI/roberta-base/004/embeddings/epoch_3,3,KNeighborsClassifier,FacebookAI/roberta-base,1000,1
6,l1,0.6947901634269891,f1_macro,7.932403564453125,6,0.0001,adamw_torch,0.1,0.01,./models/FacebookAI/roberta-base/004/embeddings/epoch_4,4,KNeighborsClassifier,FacebookAI/roberta-base,1000,1
8,cosine,0.6879656914511227,f1_macro,5.824053525924683,5,0.0001,adamw_torch,0.1,0.01,./models/FacebookAI/roberta-base/004/embeddings/epoch_5,5,KNeighborsClassifier,FacebookAI/roberta-base,1000,1
18,cosine,0.6334796457859785,f1_macro,6.587701082229614,6,1e-06,adamw_torch,0.1,0.01,./models/FacebookAI/roberta-base/001/embeddings/epoch_1,1,KNeighborsClassifier,FacebookAI/roberta-base,1000,2
13,l1,0.5950002139005605,f1_macro,6.7344512939453125,5,1e-06,adamw_torch,0.1,0.01,./models/FacebookAI/roberta-base/001/embeddings/epoch_2,2,KNeighborsClassifier,FacebookAI/roberta-base,1000,2
9,l1,0.6180758517398729,f1_macro,12.728935718536375,10,1e-06,adamw_torch,0.1,0.01,./models/FacebookAI/roberta-base/001/embeddings/epoch_3,3,KNeighborsClassifier,FacebookAI/roberta-base,1000,2
1,l2,0.6221063680874069,f1_macro,6.932821989059448,5,1e-06,adamw_torch,0.1,0.01,./models/FacebookAI/roberta-base/001/embeddings/epoch_4,4,KNeighborsClassifier,FacebookAI/roberta-base,1000,2
12,l2,0.6389891412480763,f1_macro,11.705573558807371,9,1e-06,adamw_torch,0.1,0.01,./models/FacebookAI/roberta-base/001/embeddings/epoch_5,5,KNeighborsClassifier,FacebookAI/roberta-base,1000,2
17,cosine,0.640539309372811,f1_macro,8.43064546585083,7,1e-05,adamw_torch,0.1,0.01,./models/FacebookAI/roberta-base/002/embeddings/epoch_1,1,KNeighborsClassifier,FacebookAI/roberta-base,1000,2
5,cosine,0.6353742429563707,f1_macro,7.423913478851318,6,1e-05,adamw_torch,0.1,0.01,./models/FacebookAI/roberta-base/002/embeddings/epoch_2,2,KNeighborsClassifier,FacebookAI/roberta-base,1000,2
8,l1,0.6965369244624564,f1_macro,8.57803988456726,7,1e-05,adamw_torch,0.1,0.01,./models/FacebookAI/roberta-base/002/embeddings/epoch_3,3,KNeighborsClassifier,FacebookAI/roberta-base,1000,2
18,cosine,0.6892660970325754,f1_macro,13.428827047348022,12,1e-05,adamw_torch,0.1,0.01,./models/FacebookAI/roberta-base/002/embeddings/epoch_4,4,KNeighborsClassifier,FacebookAI/roberta-base,1000,2
16,l1,0.6634158500945505,f1_macro,6.395933389663696,5,1e-05,adamw_torch,0.1,0.01,./models/FacebookAI/roberta-base/002/embeddings/epoch_5,5,KNeighborsClassifier,FacebookAI/roberta-base,1000,2
10,l2,0.6214913185490804,f1_macro,6.577478408813477,5,5e-05,adamw_torch,0.1,0.01,./models/FacebookAI/roberta-base/003/embeddings/epoch_1,1,KNeighborsClassifier,FacebookAI/roberta-base,1000,2
18,l1,0.6840091233556147,f1_macro,9.123136281967165,7,5e-05,adamw_torch,0.1,0.01,./models/FacebookAI/roberta-base/003/embeddings/epoch_2,2,KNeighborsClassifier,FacebookAI/roberta-base,1000,2
18,l2,0.7213932011665644,f1_macro,6.619009733200073,5,5e-05,adamw_torch,0.1,0.01,./models/FacebookAI/roberta-base/003/embeddings/epoch_3,3,KNeighborsClassifier,FacebookAI/roberta-base,1000,2
11,l1,0.7463046278492355,f1_macro,6.842303276062012,5,5e-05,adamw_torch,0.1,0.01,./models/FacebookAI/roberta-base/003/embeddings/epoch_4,4,KNeighborsClassifier,FacebookAI/roberta-base,1000,2
10,cosine,0.7497382882966529,f1_macro,7.90314793586731,7,5e-05,adamw_torch,0.1,0.01,./models/FacebookAI/roberta-base/003/embeddings/epoch_5,5,KNeighborsClassifier,FacebookAI/roberta-base,1000,2
14,l1,0.6049943898073199,f1_macro,11.239351034164429,9,0.0001,adamw_torch,0.1,0.01,./models/FacebookAI/roberta-base/004/embeddings/epoch_1,1,KNeighborsClassifier,FacebookAI/roberta-base,1000,2
5,cosine,0.6355071360237413,f1_macro,6.903856039047241,5,0.0001,adamw_torch,0.1,0.01,./models/FacebookAI/roberta-base/004/embeddings/epoch_2,2,KNeighborsClassifier,FacebookAI/roberta-base,1000,2
12,cosine,0.6857332262221085,f1_macro,6.614935636520386,5,0.0001,adamw_torch,0.1,0.01,./models/FacebookAI/roberta-base/004/embeddings/epoch_3,3,KNeighborsClassifier,FacebookAI/roberta-base,1000,2
7,l1,0.6896915896115728,f1_macro,7.169248580932617,6,0.0001,adamw_torch,0.1,0.01,./models/FacebookAI/roberta-base/004/embeddings/epoch_4,4,KNeighborsClassifier,FacebookAI/roberta-base,1000,2
17,cosine,0.6786776491956666,f1_macro,6.344422817230225,5,0.0001,adamw_torch,0.1,0.01,./models/FacebookAI/roberta-base/004/embeddings/epoch_5,5,KNeighborsClassifier,FacebookAI/roberta-base,1000,2
10,cosine,0.631484794275492,f1_macro,6.800641775131226,6,1e-06,adamw_torch,0.1,0.01,./models/FacebookAI/roberta-base/001/embeddings/epoch_1,1,KNeighborsClassifier,FacebookAI/roberta-base,1000,3
16,l2,0.6485756626885659,f1_macro,16.402806758880615,14,1e-06,adamw_torch,0.1,0.01,./models/FacebookAI/roberta-base/001/embeddings/epoch_2,2,KNeighborsClassifier,FacebookAI/roberta-base,1000,3
15,l1,0.6597144204544927,f1_macro,8.269275426864624,6,1e-06,adamw_torch,0.1,0.01,./models/FacebookAI/roberta-base/001/embeddings/epoch_3,3,KNeighborsClassifier,FacebookAI/roberta-base,1000,3
6,cosine,0.6215771536020683,f1_macro,8.334458589553833,7,1e-06,adamw_torch,0.1,0.01,./models/FacebookAI/roberta-base/001/embeddings/epoch_4,4,KNeighborsClassifier,FacebookAI/roberta-base,1000,3
16,l1,0.6188439836280368,f1_macro,8.00273084640503,6,1e-06,adamw_torch,0.1,0.01,./models/FacebookAI/roberta-base/001/embeddings/epoch_5,5,KNeighborsClassifier,FacebookAI/roberta-base,1000,3
18,cosine,0.6213547434477668,f1_macro,6.30905556678772,5,1e-05,adamw_torch,0.1,0.01,./models/FacebookAI/roberta-base/002/embeddings/epoch_1,1,KNeighborsClassifier,FacebookAI/roberta-base,1000,3
9,l1,0.6460895794909348,f1_macro,8.310884714126587,6,1e-05,adamw_torch,0.1,0.01,./models/FacebookAI/roberta-base/002/embeddings/epoch_2,2,KNeighborsClassifier,FacebookAI/roberta-base,1000,3
4,l2,0.6629421376223571,f1_macro,7.465850114822388,6,1e-05,adamw_torch,0.1,0.01,./models/FacebookAI/roberta-base/002/embeddings/epoch_3,3,KNeighborsClassifier,FacebookAI/roberta-base,1000,3
17,l2,0.6720499484135848,f1_macro,7.135541915893555,5,1e-05,adamw_torch,0.1,0.01,./models/FacebookAI/roberta-base/002/embeddings/epoch_4,4,KNeighborsClassifier,FacebookAI/roberta-base,1000,3
14,l1,0.6579137882146573,f1_macro,6.520843744277954,5,1e-05,adamw_torch,0.1,0.01,./models/FacebookAI/roberta-base/002/embeddings/epoch_5,5,KNeighborsClassifier,FacebookAI/roberta-base,1000,3
17,l1,0.6384959039725939,f1_macro,9.084900856018066,7,5e-05,adamw_torch,0.1,0.01,./models/FacebookAI/roberta-base/003/embeddings/epoch_1,1,KNeighborsClassifier,FacebookAI/roberta-base,1000,3
16,cosine,0.6837704311013919,f1_macro,7.065039873123169,6,5e-05,adamw_torch,0.1,0.01,./models/FacebookAI/roberta-base/003/embeddings/epoch_2,2,KNeighborsClassifier,FacebookAI/roberta-base,1000,3
19,l1,0.7067509282394976,f1_macro,7.779680013656616,6,5e-05,adamw_torch,0.1,0.01,./models/FacebookAI/roberta-base/003/embeddings/epoch_3,3,KNeighborsClassifier,FacebookAI/roberta-base,1000,3
18,l2,0.743932763556458,f1_macro,5.970354080200195,5,5e-05,adamw_torch,0.1,0.01,./models/FacebookAI/roberta-base/003/embeddings/epoch_4,4,KNeighborsClassifier,FacebookAI/roberta-base,1000,3
10,cosine,0.7698070274405028,f1_macro,6.011934757232666,5,5e-05,adamw_torch,0.1,0.01,./models/FacebookAI/roberta-base/003/embeddings/epoch_5,5,KNeighborsClassifier,FacebookAI/roberta-base,1000,3
14,l1,0.6291311287226796,f1_macro,8.187344789505005,6,0.0001,adamw_torch,0.1,0.01,./models/FacebookAI/roberta-base/004/embeddings/epoch_1,1,KNeighborsClassifier,FacebookAI/roberta-base,1000,3
18,cosine,0.6418598685265352,f1_macro,7.674530029296875,6,0.0001,adamw_torch,0.1,0.01,./models/FacebookAI/roberta-base/004/embeddings/epoch_2,2,KNeighborsClassifier,FacebookAI/roberta-base,1000,3
17,l2,0.6710345304900817,f1_macro,6.802510023117065,5,0.0001,adamw_torch,0.1,0.01,./models/FacebookAI/roberta-base/004/embeddings/epoch_3,3,KNeighborsClassifier,FacebookAI/roberta-base,1000,3
14,l1,0.7029467279732392,f1_macro,10.022517681121826,8,0.0001,adamw_torch,0.1,0.01,./models/FacebookAI/roberta-base/004/embeddings/epoch_4,4,KNeighborsClassifier,FacebookAI/roberta-base,1000,3
7,l2,0.6842258719878798,f1_macro,9.459205150604248,7,0.0001,adamw_torch,0.1,0.01,./models/FacebookAI/roberta-base/004/embeddings/epoch_5,5,KNeighborsClassifier,FacebookAI/roberta-base,1000,3
5,l1,0.6027881422839406,f1_macro,7.1978936195373535,5,1e-06,adamw_torch,0.1,0.01,./models/google-bert/bert-base-uncased/001/embeddings/epoch_1,1,KNeighborsClassifier,google-bert/bert-base-uncased,1000,1
5,l2,0.559630972184051,f1_macro,5.966118097305298,5,1e-06,adamw_torch,0.1,0.01,./models/google-bert/bert-base-uncased/001/embeddings/epoch_2,2,KNeighborsClassifier,google-bert/bert-base-uncased,1000,1
12,l2,0.5520875676758393,f1_macro,9.26004958152771,7,1e-06,adamw_torch,0.1,0.01,./models/google-bert/bert-base-uncased/001/embeddings/epoch_3,3,KNeighborsClassifier,google-bert/bert-base-uncased,1000,1
11,l1,0.5971104048658105,f1_macro,8.033387422561646,6,1e-06,adamw_torch,0.1,0.01,./models/google-bert/bert-base-uncased/001/embeddings/epoch_4,4,KNeighborsClassifier,google-bert/bert-base-uncased,1000,1
16,l2,0.582827649380341,f1_macro,7.896745920181274,6,1e-06,adamw_torch,0.1,0.01,./models/google-bert/bert-base-uncased/001/embeddings/epoch_5,5,KNeighborsClassifier,google-bert/bert-base-uncased,1000,1
9,cosine,0.5937371031302882,f1_macro,9.001827716827393,8,1e-05,adamw_torch,0.1,0.01,./models/google-bert/bert-base-uncased/002/embeddings/epoch_1,1,KNeighborsClassifier,google-bert/bert-base-uncased,1000,1
1,l2,0.6036287985831211,f1_macro,6.70367956161499,5,1e-05,adamw_torch,0.1,0.01,./models/google-bert/bert-base-uncased/002/embeddings/epoch_2,2,KNeighborsClassifier,google-bert/bert-base-uncased,1000,1
16,l1,0.5907201255461249,f1_macro,6.953649997711182,5,1e-05,adamw_torch,0.1,0.01,./models/google-bert/bert-base-uncased/002/embeddings/epoch_3,3,KNeighborsClassifier,google-bert/bert-base-uncased,1000,1
14,l1,0.6286706349206349,f1_macro,10.297186851501465,8,1e-05,adamw_torch,0.1,0.01,./models/google-bert/bert-base-uncased/002/embeddings/epoch_4,4,KNeighborsClassifier,google-bert/bert-base-uncased,1000,1
14,cosine,0.6160761951656949,f1_macro,9.146466970443726,7,1e-05,adamw_torch,0.1,0.01,./models/google-bert/bert-base-uncased/002/embeddings/epoch_5,5,KNeighborsClassifier,google-bert/bert-base-uncased,1000,1
19,l1,0.6148320849603929,f1_macro,9.805773258209229,8,5e-05,adamw_torch,0.1,0.01,./models/google-bert/bert-base-uncased/003/embeddings/epoch_1,1,KNeighborsClassifier,google-bert/bert-base-uncased,1000,1
3,cosine,0.6890762857985644,f1_macro,7.183413743972778,6,5e-05,adamw_torch,0.1,0.01,./models/google-bert/bert-base-uncased/003/embeddings/epoch_2,2,KNeighborsClassifier,google-bert/bert-base-uncased,1000,1
19,l2,0.6900601456157011,f1_macro,8.572171926498413,6,5e-05,adamw_torch,0.1,0.01,./models/google-bert/bert-base-uncased/003/embeddings/epoch_3,3,KNeighborsClassifier,google-bert/bert-base-uncased,1000,1
7,l1,0.739042427394241,f1_macro,6.659738063812256,5,5e-05,adamw_torch,0.1,0.01,./models/google-bert/bert-base-uncased/003/embeddings/epoch_4,4,KNeighborsClassifier,google-bert/bert-base-uncased,1000,1
3,l1,0.7454267054328382,f1_macro,8.994449377059937,7,5e-05,adamw_torch,0.1,0.01,./models/google-bert/bert-base-uncased/003/embeddings/epoch_5,5,KNeighborsClassifier,google-bert/bert-base-uncased,1000,1
7,l1,0.6017925187464673,f1_macro,9.217764854431152,7,0.0001,adamw_torch,0.1,0.01,./models/google-bert/bert-base-uncased/004/embeddings/epoch_1,1,KNeighborsClassifier,google-bert/bert-base-uncased,1000,1
14,cosine,0.7232349186519406,f1_macro,7.386834383010864,6,0.0001,adamw_torch,0.1,0.01,./models/google-bert/bert-base-uncased/004/embeddings/epoch_2,2,KNeighborsClassifier,google-bert/bert-base-uncased,1000,1
12,l2,0.7424776417761269,f1_macro,7.110042572021484,5,0.0001,adamw_torch,0.1,0.01,./models/google-bert/bert-base-uncased/004/embeddings/epoch_3,3,KNeighborsClassifier,google-bert/bert-base-uncased,1000,1
19,l1,0.7673269326898864,f1_macro,9.662713527679443,7,0.0001,adamw_torch,0.1,0.01,./models/google-bert/bert-base-uncased/004/embeddings/epoch_4,4,KNeighborsClassifier,google-bert/bert-base-uncased,1000,1
14,l2,0.7653976709002784,f1_macro,8.376317739486694,7,0.0001,adamw_torch,0.1,0.01,./models/google-bert/bert-base-uncased/004/embeddings/epoch_5,5,KNeighborsClassifier,google-bert/bert-base-uncased,1000,1
8,l1,0.5659331981536768,f1_macro,6.933650732040405,5,1e-06,adamw_torch,0.1,0.01,./models/google-bert/bert-base-uncased/001/embeddings/epoch_1,1,KNeighborsClassifier,google-bert/bert-base-uncased,1000,2
16,l2,0.5649708708536362,f1_macro,6.816859483718872,5,1e-06,adamw_torch,0.1,0.01,./models/google-bert/bert-base-uncased/001/embeddings/epoch_2,2,KNeighborsClassifier,google-bert/bert-base-uncased,1000,2
1,cosine,0.5806470499777373,f1_macro,7.014073610305786,5,1e-06,adamw_torch,0.1,0.01,./models/google-bert/bert-base-uncased/001/embeddings/epoch_3,3,KNeighborsClassifier,google-bert/bert-base-uncased,1000,2
11,l1,0.5928276709053967,f1_macro,8.022847175598145,6,1e-06,adamw_torch,0.1,0.01,./models/google-bert/bert-base-uncased/001/embeddings/epoch_4,4,KNeighborsClassifier,google-bert/bert-base-uncased,1000,2
19,l2,0.582668046861882,f1_macro,8.254230260848999,6,1e-06,adamw_torch,0.1,0.01,./models/google-bert/bert-base-uncased/001/embeddings/epoch_5,5,KNeighborsClassifier,google-bert/bert-base-uncased,1000,2
14,l1,0.6071313260831052,f1_macro,11.577867269515991,10,1e-05,adamw_torch,0.1,0.01,./models/google-bert/bert-base-uncased/002/embeddings/epoch_1,1,KNeighborsClassifier,google-bert/bert-base-uncased,1000,2
17,cosine,0.6432153297304399,f1_macro,6.505380153656006,5,1e-05,adamw_torch,0.1,0.01,./models/google-bert/bert-base-uncased/002/embeddings/epoch_2,2,KNeighborsClassifier,google-bert/bert-base-uncased,1000,2
17,l2,0.5859332500081567,f1_macro,6.88986349105835,5,1e-05,adamw_torch,0.1,0.01,./models/google-bert/bert-base-uncased/002/embeddings/epoch_3,3,KNeighborsClassifier,google-bert/bert-base-uncased,1000,2
13,cosine,0.6709471700977724,f1_macro,5.605636596679688,5,1e-05,adamw_torch,0.1,0.01,./models/google-bert/bert-base-uncased/002/embeddings/epoch_4,4,KNeighborsClassifier,google-bert/bert-base-uncased,1000,2
15,l2,0.6386107496643278,f1_macro,8.960943937301636,7,1e-05,adamw_torch,0.1,0.01,./models/google-bert/bert-base-uncased/002/embeddings/epoch_5,5,KNeighborsClassifier,google-bert/bert-base-uncased,1000,2
6,l1,0.6446963786136817,f1_macro,8.210474729537964,6,5e-05,adamw_torch,0.1,0.01,./models/google-bert/bert-base-uncased/003/embeddings/epoch_1,1,KNeighborsClassifier,google-bert/bert-base-uncased,1000,2
8,l2,0.6907245803797527,f1_macro,9.865553855895996,8,5e-05,adamw_torch,0.1,0.01,./models/google-bert/bert-base-uncased/003/embeddings/epoch_2,2,KNeighborsClassifier,google-bert/bert-base-uncased,1000,2
6,l2,0.6947218833120639,f1_macro,9.160750150680542,7,5e-05,adamw_torch,0.1,0.01,./models/google-bert/bert-base-uncased/003/embeddings/epoch_3,3,KNeighborsClassifier,google-bert/bert-base-uncased,1000,2
3,l2,0.7443697359744238,f1_macro,9.683918237686155,8,5e-05,adamw_torch,0.1,0.01,./models/google-bert/bert-base-uncased/003/embeddings/epoch_4,4,KNeighborsClassifier,google-bert/bert-base-uncased,1000,2
10,l1,0.74088693957115,f1_macro,6.899626016616821,5,5e-05,adamw_torch,0.1,0.01,./models/google-bert/bert-base-uncased/003/embeddings/epoch_5,5,KNeighborsClassifier,google-bert/bert-base-uncased,1000,2
17,l2,0.6208833823640517,f1_macro,6.840796232223511,5,0.0001,adamw_torch,0.1,0.01,./models/google-bert/bert-base-uncased/004/embeddings/epoch_1,1,KNeighborsClassifier,google-bert/bert-base-uncased,1000,2
6,l1,0.695219004095657,f1_macro,13.074954748153688,12,0.0001,adamw_torch,0.1,0.01,./models/google-bert/bert-base-uncased/004/embeddings/epoch_2,2,KNeighborsClassifier,google-bert/bert-base-uncased,1000,2
13,l1,0.7447976778875477,f1_macro,9.964921474456789,8,0.0001,adamw_torch,0.1,0.01,./models/google-bert/bert-base-uncased/004/embeddings/epoch_3,3,KNeighborsClassifier,google-bert/bert-base-uncased,1000,2
6,l1,0.7652200945747842,f1_macro,7.969605445861816,6,0.0001,adamw_torch,0.1,0.01,./models/google-bert/bert-base-uncased/004/embeddings/epoch_4,4,KNeighborsClassifier,google-bert/bert-base-uncased,1000,2
13,l1,0.7602370020196378,f1_macro,8.355638265609741,6,0.0001,adamw_torch,0.1,0.01,./models/google-bert/bert-base-uncased/004/embeddings/epoch_5,5,KNeighborsClassifier,google-bert/bert-base-uncased,1000,2
10,l2,0.5639978628305476,f1_macro,8.781331300735474,7,1e-06,adamw_torch,0.1,0.01,./models/google-bert/bert-base-uncased/001/embeddings/epoch_1,1,KNeighborsClassifier,google-bert/bert-base-uncased,1000,3
16,l1,0.596154922896496,f1_macro,9.284607410430908,7,1e-06,adamw_torch,0.1,0.01,./models/google-bert/bert-base-uncased/001/embeddings/epoch_2,2,KNeighborsClassifier,google-bert/bert-base-uncased,1000,3
14,l1,0.6150531252060967,f1_macro,6.993192434310913,5,1e-06,adamw_torch,0.1,0.01,./models/google-bert/bert-base-uncased/001/embeddings/epoch_3,3,KNeighborsClassifier,google-bert/bert-base-uncased,1000,3
5,l1,0.5935431676983617,f1_macro,7.875422954559326,6,1e-06,adamw_torch,0.1,0.01,./models/google-bert/bert-base-uncased/001/embeddings/epoch_4,4,KNeighborsClassifier,google-bert/bert-base-uncased,1000,3
19,cosine,0.5786010286010286,f1_macro,7.392792463302612,6,1e-06,adamw_torch,0.1,0.01,./models/google-bert/bert-base-uncased/001/embeddings/epoch_5,5,KNeighborsClassifier,google-bert/bert-base-uncased,1000,3
9,l2,0.568043563367092,f1_macro,6.9917144775390625,5,1e-05,adamw_torch,0.1,0.01,./models/google-bert/bert-base-uncased/002/embeddings/epoch_1,1,KNeighborsClassifier,google-bert/bert-base-uncased,1000,3
16,cosine,0.6185867895545315,f1_macro,5.7486255168914795,5,1e-05,adamw_torch,0.1,0.01,./models/google-bert/bert-base-uncased/002/embeddings/epoch_2,2,KNeighborsClassifier,google-bert/bert-base-uncased,1000,3
8,l2,0.6213999029682883,f1_macro,7.30236029624939,5,1e-05,adamw_torch,0.1,0.01,./models/google-bert/bert-base-uncased/002/embeddings/epoch_3,3,KNeighborsClassifier,google-bert/bert-base-uncased,1000,3
17,cosine,0.6587483573160339,f1_macro,6.319866180419922,5,1e-05,adamw_torch,0.1,0.01,./models/google-bert/bert-base-uncased/002/embeddings/epoch_4,4,KNeighborsClassifier,google-bert/bert-base-uncased,1000,3
11,l1,0.6571087709104995,f1_macro,6.958292245864868,5,1e-05,adamw_torch,0.1,0.01,./models/google-bert/bert-base-uncased/002/embeddings/epoch_5,5,KNeighborsClassifier,google-bert/bert-base-uncased,1000,3
17,cosine,0.6493869284566959,f1_macro,8.601409673690796,7,5e-05,adamw_torch,0.1,0.01,./models/google-bert/bert-base-uncased/003/embeddings/epoch_1,1,KNeighborsClassifier,google-bert/bert-base-uncased,1000,3
7,cosine,0.6659330929324289,f1_macro,6.126123666763306,5,5e-05,adamw_torch,0.1,0.01,./models/google-bert/bert-base-uncased/003/embeddings/epoch_2,2,KNeighborsClassifier,google-bert/bert-base-uncased,1000,3
1,l2,0.6971687980057961,f1_macro,6.911428451538086,5,5e-05,adamw_torch,0.1,0.01,./models/google-bert/bert-base-uncased/003/embeddings/epoch_3,3,KNeighborsClassifier,google-bert/bert-base-uncased,1000,3
7,l2,0.737439315754111,f1_macro,7.345124959945679,5,5e-05,adamw_torch,0.1,0.01,./models/google-bert/bert-base-uncased/003/embeddings/epoch_4,4,KNeighborsClassifier,google-bert/bert-base-uncased,1000,3
13,cosine,0.7406701661908969,f1_macro,6.376950740814209,5,5e-05,adamw_torch,0.1,0.01,./models/google-bert/bert-base-uncased/003/embeddings/epoch_5,5,KNeighborsClassifier,google-bert/bert-base-uncased,1000,3
10,cosine,0.616141592264232,f1_macro,7.574783086776733,6,0.0001,adamw_torch,0.1,0.01,./models/google-bert/bert-base-uncased/004/embeddings/epoch_1,1,KNeighborsClassifier,google-bert/bert-base-uncased,1000,3
6,cosine,0.6985089080265233,f1_macro,6.420581340789795,5,0.0001,adamw_torch,0.1,0.01,./models/google-bert/bert-base-uncased/004/embeddings/epoch_2,2,KNeighborsClassifier,google-bert/bert-base-uncased,1000,3
14,l2,0.7459419542950511,f1_macro,8.033547639846802,6,0.0001,adamw_torch,0.1,0.01,./models/google-bert/bert-base-uncased/004/embeddings/epoch_3,3,KNeighborsClassifier,google-bert/bert-base-uncased,1000,3
18,l2,0.7544339951236503,f1_macro,11.30324125289917,9,0.0001,adamw_torch,0.1,0.01,./models/google-bert/bert-base-uncased/004/embeddings/epoch_4,4,KNeighborsClassifier,google-bert/bert-base-uncased,1000,3
6,cosine,0.7458175516015159,f1_macro,6.2371814250946045,5,0.0001,adamw_torch,0.1,0.01,./models/google-bert/bert-base-uncased/004/embeddings/epoch_5,5,KNeighborsClassifier,google-bert/bert-base-uncased,1000,3
